Emotion,Percentage
Neutral,81.52173913043478
Sad,1.6304347826086956
Happy,10.869565217391305
Disgust,5.978260869565218

Most Prominent Reaction,Neutral
Engagement Score,10.869565217391305
