Emotion,Percentage
Neutral,69.8224852071006
Happy,12.42603550295858
Sad,17.75147928994083

Most Prominent Reaction,Neutral
Engagement Score,12.42603550295858
